row_id,seqlane_id,plate,ROW,COL,TopHitAccession,NextHit,ThirdHit,Score,label,lines,Site,position,row,col,id,match
714,CDN24ANXX_2#,144,A,1,6046,6043,6900,0.997193915226702,3512,6046,Ullstorp,11.4,A,1,3512,True
714,CDN24ANXX_2#,144,B,1,6126,6115,6106,0.999271667880553,2447,6126,Ullstorp,10.4,B,1,2447,True
714,CDN24ANXX_2#,144,C,1,9452,9451,9450,1,3898,9452,Ratch,1.6,C,1,3898,True
714,CDN24ANXX_2#,144,D,1,8241,9970,10013,1,2035,8241,Ullstorp,4.5,D,1,2035,True
714,CDN24ANXX_2#,144,E,1,9452,9451,9974,0.999021526418787,2274,9452,Ullstorp,4.3,E,1,2274,True
714,CDN24ANXX_2#,144,F,1,6180,7127,7413,0.998500749625187,1253,6180,Ramsta,8.6,F,1,1253,True
714,CDN24ANXX_2#,144,G,1,6231,9433,6069,0.998481108790583,2570,6231,Ullstorp,2.3,G,1,2570,True
714,CDN24ANXX_2#,144,H,1,9452,9451,9450,0.996746909564086,3675,9452,Ratch,10.5,H,1,3675,True
715,CDN24ANXX_2#,144,A,2,6231,9433,6069,0.996078431372549,2006,6231,Adal,6.1,A,2,2006,True
715,CDN24ANXX_2#,144,B,2,6237,6241,6235,0.999004479840717,2095,6237,Ullstorp,6.5,B,2,2095,True
715,CDN24ANXX_2#,144,C,2,9452,9451,9450,0.998529102752679,2781,9452,Ratch,6.4,C,2,2781,True
715,CDN24ANXX_2#,144,D,2,6126,6115,6106,0.99721082854799,1919,6126,Adal,11.3,D,2,1919,True
715,CDN24ANXX_2#,144,E,2,6126,6115,6106,0.996620064526041,3812,6126,Ratch,2.5,E,2,3812,True
715,CDN24ANXX_2#,144,F,2,9470,9970,9974,0.997936868165876,1988,9470,Adal,5.1,F,2,1988,True
715,CDN24ANXX_2#,144,G,2,9452,9451,9450,0.998493749058593,1726,9452,Adal,9.5,G,2,1726,True
715,CDN24ANXX_2#,144,H,2,9452,9451,9450,0.99875400498398,4076,9452,Ratch,8.5,H,2,4076,True
716,CDN24ANXX_2#,144,A,3,9470,9970,9974,0.998723093761401,1777,9470,Adal,9.1,A,3,1777,True
716,CDN24ANXX_2#,144,B,3,6191,6198,6188,0.992077464788732,206,6191,Ramsta,9.1,B,3,206,True
716,CDN24ANXX_2#,144,C,3,8241,9970,9974,0.997169544296632,3639,8241,Ratch,5.4,C,3,3639,True
716,CDN24ANXX_2#,144,D,3,6180,7127,7413,0.996919285274184,1658,6180,Ramsta,1.4,D,3,1658,True
716,CDN24ANXX_2#,144,E,3,6126,6115,6106,0.997843982751862,2642,6126,Ratch,8.3,E,3,2642,True
716,CDN24ANXX_2#,144,F,3,6043,6046,6900,0.996609403254973,1961,6046,Adal,4.6,F,3,1961,True
716,CDN24ANXX_2#,144,G,3,6191,6192,9970,0.997758565481908,33,6191,Ramsta,8.1,G,3,33,True
716,CDN24ANXX_2#,144,H,3,9388,6221,9332,0.997375902033676,179,6237,Ramsta,11.6,H,3,179,False
718,CDN24ANXX_3#,144,A,4,9452,9451,9450,0.998742590264056,463,9452,Ramsta,7.1,A,4,463,True
718,CDN24ANXX_3#,144,B,4,8227,6043,6046,0.997743447318174,1732,8227,Adal,5.4,B,4,1732,True
718,CDN24ANXX_3#,144,C,4,6231,9433,6069,0.995489145756978,2223,6231,Ullstorp,7.5,C,4,2223,True
718,CDN24ANXX_3#,144,D,4,8227,6043,6046,1,3870,8227,Ratch,6.2,D,4,3870,True
718,CDN24ANXX_3#,144,E,4,6237,6241,6235,0.99803536345776,2640,6237,Ratch,6.2,E,4,2640,True
718,CDN24ANXX_3#,144,F,4,9452,9451,9450,0.990080122090805,3222,9452,Ullstorp,10.6,F,4,3222,True
718,CDN24ANXX_3#,144,G,4,6180,7127,7413,0.996112730806608,3510,6180,Ullstorp,8.6,G,4,3510,True
718,CDN24ANXX_3#,144,H,4,5856,6071,6238,0.998261541433262,2623,5856,Ratch,4.4,H,4,2623,True
719,CDN24ANXX_3#,144,A,5,9470,9970,9974,0.994869647157366,3894,9470,Ratch,5.4,A,5,3894,True
719,CDN24ANXX_3#,144,B,5,6180,7127,7413,0.997881355932203,2087,6180,Ullstorp,9.6,B,5,2087,True
719,CDN24ANXX_3#,144,C,5,5856,6071,6238,0.963116883116883,2818,5856,Ratch,2.6,C,5,2818,True
719,CDN24ANXX_3#,144,D,5,6231,9433,6069,0.997946009389671,3703,6231,Ratch,2.5,D,5,3703,True
719,CDN24ANXX_3#,144,E,5,9470,9970,9974,0.997858672376874,3590,9470,Ullstorp,5.1,E,5,3590,True
719,CDN24ANXX_3#,144,F,5,6237,6241,6235,0.99582331350462,3594,6237,Ullstorp,11.6,F,5,3594,True
719,CDN24ANXX_3#,144,G,5,6104,8335,6091,0.996337240277038,2591,6104,Ratch,4.5,G,5,2591,True
719,CDN24ANXX_3#,144,H,5,6126,6115,6106,0.996941536289848,4040,6126,Ratch,10.2,H,5,4040,True
720,CDN24ANXX_3#,144,A,6,6126,6115,6106,0.996423604212199,2933,6126,Ratch,4.3,A,6,2933,True
720,CDN24ANXX_3#,144,B,6,8227,6043,6046,0.99711066165848,2071,8227,Ullstorp,9.2,B,6,2071,True
720,CDN24ANXX_3#,144,C,6,6126,6106,6115,0.997343453510436,3668,6126,Ratch,7.4,C,6,3668,True
720,CDN24ANXX_3#,144,D,6,6046,6043,6900,0.99811320754717,4068,6046,Ratch,1.3,D,6,4068,True
720,CDN24ANXX_3#,144,E,6,8241,9970,9974,0.99915931063472,777,8241,Adal,7.2,E,6,777,True
720,CDN24ANXX_3#,144,F,6,9452,9451,9450,0.99722162855311,900,9452,Adal,1.6,F,6,900,True
720,CDN24ANXX_3#,144,G,6,6104,8335,6091,0.995678567753884,2324,6104,Ullstorp,7.2,G,6,2324,True
720,CDN24ANXX_3#,144,H,6,8227,6043,6046,0.997968511934992,2262,8227,Ullstorp,9.6,H,6,2262,True
721,CDN24ANXX_4#,144,A,7,6109,9969,9970,0.997446653291993,1490,6231,Ramsta,6.6,A,7,1490,False
721,CDN24ANXX_4#,144,B,7,6104,8335,6091,0.996722575669944,494,6104,Ramsta,5.3,B,7,494,True
721,CDN24ANXX_4#,144,C,7,6237,6241,6071,0.998147004323656,256,6237,Adal,11.5,C,7,256,True
721,CDN24ANXX_4#,144,D,7,6237,6241,6235,0.996464869642068,2492,6237,Ullstorp,11.6,D,7,2492,True
721,CDN24ANXX_4#,144,E,7,6191,6198,6192,0.99610270518111,111,6191,Ramsta,9.5,E,7,111,True
721,CDN24ANXX_4#,144,F,7,6046,6043,6900,0.99868622728268,3667,6046,Ratch,3.5,F,7,3667,True
721,CDN24ANXX_4#,144,G,7,8241,9970,9974,0.99832285115304,4008,8241,Ratch,11.4,G,7,4008,True
721,CDN24ANXX_4#,144,H,7,8227,6043,6046,0.998404740200547,1964,8227,Adal,1.3,H,7,1964,True
722,CDN24ANXX_4#,144,A,8,9452,9451,9974,1,3127,9452,Ratch,9.1,A,8,3127,True
722,CDN24ANXX_4#,144,B,8,6191,6192,6198,0.996665277198833,3733,6191,Ratch,3.1,B,8,3733,True
722,CDN24ANXX_4#,144,C,8,9452,9451,9450,0.997214484679666,2197,9452,Ullstorp,6.4,C,8,2197,True
722,CDN24ANXX_4#,144,D,8,6237,6235,6241,0.998217468805704,69,6237,Ramsta,10.3,D,8,69,True
722,CDN24ANXX_4#,144,E,8,6104,6091,8335,0.999116607773852,1379,6104,Ramsta,2.6,E,8,1379,True
722,CDN24ANXX_4#,144,F,8,6231,9433,6069,1,3990,6231,Ratch,1.5,F,8,3990,True
722,CDN24ANXX_4#,144,G,8,6231,9433,6069,0.998799107908732,1231,6231,Ramsta,3.5,G,8,1231,True
722,CDN24ANXX_4#,144,H,8,6180,7127,7413,0.998186215235792,2395,6180,Ullstorp,7.5,H,8,2395,True
723,CDN24ANXX_4#,144,A,9,6231,9433,6069,0.999075999075999,1345,6231,Ramsta,2.5,A,9,1345,True
723,CDN24ANXX_4#,144,B,9,6191,6192,6036,0.995608899297424,21,6191,Ramsta,8.2,B,9,21,True
723,CDN24ANXX_4#,144,C,9,6046,6043,6900,0.997188378631678,2286,6046,Ullstorp,2.4,C,9,2286,True
723,CDN24ANXX_4#,144,D,9,6231,9433,6069,0.998689874602283,1076,6231,Adal,4.2,D,9,1076,True
723,CDN24ANXX_4#,144,E,9,6104,8335,6091,0.998242055442867,1466,6104,Ramsta,2.5,E,9,1466,True
723,CDN24ANXX_4#,144,F,9,6046,6043,6900,0.997789818907743,1677,6046,Adal,6.5,F,9,1677,True
723,CDN24ANXX_4#,144,G,9,8241,9970,9974,0.996980372420735,2295,8241,Ullstorp,2.1,G,9,2295,True
723,CDN24ANXX_4#,144,H,9,6231,9433,6069,0.998362729775992,3535,6231,Ullstorp,8.3,H,9,3535,True
724,CDN24ANXX_5#,144,A,10,6126,6115,6106,0.9983429991715,1736,6126,Adal,10.1,A,10,1736,True
724,CDN24ANXX_5#,144,B,10,6237,6235,6071,0.998925886143931,398,6237,Adal,5.6,B,10,398,True
724,CDN24ANXX_5#,144,C,10,6191,6198,6192,0.995249406175772,178,6191,Ramsta,7.5,C,10,178,True
724,CDN24ANXX_5#,144,D,10,6126,6106,6115,0.99874634350188,3349,6126,Ullstorp,2.6,D,10,3349,True
724,CDN24ANXX_5#,144,E,10,6231,9433,6069,1,3159,6231,Ratch,6.1,E,10,3159,True
724,CDN24ANXX_5#,144,F,10,8241,9974,9970,0.998270394926492,1550,8241,Ramsta,2.1,F,10,1550,True
724,CDN24ANXX_5#,144,G,10,5856,6071,6238,0.998965017594701,1978,5856,Adal,5.4,G,10,1978,True
724,CDN24ANXX_5#,144,H,10,9452,9451,9450,0.999507631708518,2966,9452,Ratch,11.4,H,10,2966,True
726,CDN24ANXX_5#,144,A,11,6104,8335,6091,0.997701149425287,3653,6104,Ratch,10.3,A,11,3653,True
726,CDN24ANXX_5#,144,B,11,6180,7127,7413,0.996680497925311,3970,6180,Ratch,2.5,B,11,3970,True
726,CDN24ANXX_5#,144,C,11,9470,9970,9974,0.99659429544487,3280,9470,Ullstorp,9.1,C,11,3280,True
726,CDN24ANXX_5#,144,D,11,6237,6241,6235,0.998216276477146,66,6237,Ramsta,3.1,D,11,66,True
726,CDN24ANXX_5#,144,E,11,6191,6192,6198,0.995493465525011,4027,6191,Ratch,4.6,E,11,4027,True
726,CDN24ANXX_5#,144,F,11,6126,6115,6106,0.99815469783177,2216,6126,Ullstorp,7.5,F,11,2216,True
726,CDN24ANXX_5#,144,G,11,6104,8335,6091,0.997842291094547,3945,6104,Ratch,1.1,G,11,3945,True
726,CDN24ANXX_5#,144,H,11,9452,9451,9450,0.999377528789294,1392,9452,Ramsta,3.1,H,11,1392,True
727,CDN24ANXX_5#,144,A,12,6191,6198,6192,0.994863990869317,2300,6191,Ullstorp,9.5,A,12,2300,True
727,CDN24ANXX_5#,144,B,12,9452,9451,9974,0.99843075715967,2555,9452,Ullstorp,9.1,B,12,2555,True
727,CDN24ANXX_5#,144,C,12,6191,6192,6198,0.982890704800817,3832,6191,Ratch,10.3,C,12,3832,True
727,CDN24ANXX_5#,144,D,12,6192,6191,8427,0.994563986409966,nan,nan,nan,nan,D,12,11x3?,False
727,CDN24ANXX_5#,144,E,12,6104,8335,6091,0.998329048843188,865,6104,Adal,5.1,E,12,865,True
727,CDN24ANXX_5#,144,F,12,9470,9974,9969,0.995085995085995,2206,9470,Ullstorp,6.4,F,12,2206,True
727,CDN24ANXX_5#,144,G,12,6043,6046,6900,0.999580536912752,3891,6046,Ratch,11.6,G,12,3891,True
727,CDN24ANXX_5#,144,H,12,6104,6091,8335,0.998634812286689,386,6016,Adal,9.5,H,12,386,False
708,CDN2BANXX_1#,145,,,6231,9433,6069,0.998810535259133,2026,9470,Ullstorp,4.1,A,1,2026,TRUE
719,CDN2BANXX_1#,145,,,6191,6198,6188,0.995834223456526,320,6237,Adal,9.3,B,1,320,TRUE
720,CDN2BANXX_1#,145,,,9452,9451,9450,0.997827914798206,3579,6104,Ullstorp,2.2,C,1,3579,TRUE
706,CDN2BANXX_1#,145,,,6104,8335,6091,0.998821007502679,1119,8227,Adal,10.1,D,1,1119,TRUE
711,CDN2BANXX_1#,145,,,8241,9970,9974,0.997855493236555,2613,9470,Ratch,3.4,E,1,2613,TRUE
724,CDN2BANXX_1#,145,,,6231,9433,6069,0.998433160031337,813,6104,Adal,5.3,F,1,813,TRUE
715,CDN2BANXX_1#,145,,,9470,9970,9974,0.99739989599584,954,6104,Adal,9.3,G,1,954,FALSE
722,CDN2BANXX_1#,145,,,8241,9970,9974,0.99860853432282,2176,6231,Ullstorp,1.1,H,1,2176,TRUE
716,CDN2BANXX_1#,145,,,5856,6071,6238,0.9986499928947,3857,5856,Ratch,9.2,A,2,3857,TRUE
702,CDN2BANXX_1#,145,,,6237,6235,6241,0.997796723824121,1381,6126,Ramsta,5.3,B,2,1381,TRUE
710,CDN2BANXX_1#,145,,,6126,6115,6106,0.998515219005197,971,8241,Adal,7.1,C,2,971,TRUE
718,CDN2BANXX_1#,145,,,6231,9433,6069,0.998546335554209,1691,6180,Adal,7.2,D,2,1691,TRUE
727,CDN2BANXX_1#,145,,,6043,6046,6900,0.997718079037444,1237,6180,Ramsta,11.6,E,2,1237,TRUE
723,CDN2BANXX_1#,145,,,6104,8335,6091,0.997944677571294,431,9470,Ramsta,3.5,F,2,431,TRUE
705,CDN2BANXX_1#,145,,,9470,9970,9974,0.998651732005808,940,5856,Adal,5.2,G,2,940,TRUE
701,CDN2BANXX_1#,145,,,9470,9970,9974,0.997728874618216,1294,6231,Ramsta,1.4,H,2,1294,TRUE
714,CDN2BANXX_1#,145,,,6180,7127,7413,0.995894909688013,3075,6104,Ratch,4.2,A,3,3075,TRUE
703,CDN2BANXX_1#,145,,,6104,8335,6091,0.997436102876372,1828,6231,Adal,11.1,B,3,1828,TRUE
704,CDN2BANXX_1#,145,,,8227,6043,6046,0.998118406021101,783,6046,Adal,10.3,C,3,783,Fine
721,CDN2BANXX_1#,145,,,8241,9970,9974,0.998193244304792,1179,6046,Ramsta,3.5,D,3,1179,FALSE
707,CDN2BANXX_1#,145,,,8249,9970,9974,0.996824136562128,232,6191,Adal,8.2,E,3,232,TRUE
712,CDN2BANXX_1#,145,,,6180,7127,7413,0.997805212620027,1330,9452,Ramsta,10.6,F,3,1330,TRUE
726,CDN2BANXX_1#,145,,,6043,6046,6900,0.998384988079674,531,8241,Ramsta,6.3,G,3,531,TRUE
709,CDN2BANXX_1#,145,,,5856,6238,6071,0.998092209856916,2981,8241,Ratch,2.2,H,3,2981,TRUE
711,CDN2BANXX_4#,145,,,6237,6241,6235,0.99867374005305,326,6191,Adal,9.5,A,4,326,TRUE
712,CDN2BANXX_4#,145,,,5856,6071,6238,0.999160167966407,nan,nan,nan,nan,B,4,11x3?,FALSE
706,CDN2BANXX_4#,145,,,8241,9970,9974,0.998840445269017,nan,nan,nan,nan,C,4,5x1?,FALSE
719,CDN2BANXX_4#,145,,,6180,7127,7413,0.99781181619256,nan,nan,nan,nan,D,4,3151?,FALSE
705,CDN2BANXX_4#,145,,,8227,6043,6030,0.999118165784832,3412,5856,Ullstorp,10.2,E,4,3412,TRUE
715,CDN2BANXX_4#,145,,,6126,6106,6115,0.998611111111111,1139,6231,Adal,1.4,F,4,1139,TRUE
702,CDN2BANXX_4#,145,,,6104,8335,6091,0.998502994011976,1507,9470,Ramsta,1.3,G,4,1507,TRUE
707,CDN2BANXX_4#,145,,,5856,6071,6238,0.998723792160438,332,6191,Adal,1.6,H,4,332,TRUE
710,CDN2BANXX_4#,145,,,6104,8335,6091,0.999014778325123,2826,6231,Ratch,11.1,A,5,2826,TRUE
723,CDN2BANXX_4#,145,,,8241,9970,9974,0.997390980245993,1113,6180,Adal,8.6,B,5,1113,TRUE
703,CDN2BANXX_4#,145,,,6126,6115,6106,0.99838593974175,1157,8227,Ramsta,9.2,C,5,1157,TRUE
726,CDN2BANXX_4#,145,,,8241,9970,9974,0.998314176245211,1030,6126,Adal,7.3,D,5,1030,TRUE
709,CDN2BANXX_4#,145,,,8227,6043,6046,0.986754966887417,3927,9416,Ratch,9.3,E,5,3927,FALSE
704,CDN2BANXX_4#,145,,,6231,9433,6069,0.998532050236503,2931,9470,Ratch,2.1,F,5,2931,TRUE
708,CDN2BANXX_4#,145,,,9470,9970,9974,0.997552394064556,1873,9452,Adal,9.1,G,5,1873,TRUE
720,CDN2BANXX_4#,145,,,6180,7127,7413,0.990373044524669,474,8241,Ramsta,7.2,H,5,474,TRUE
718,CDN2BANXX_4#,145,,,5856,6071,6238,0.998872604284104,3533,8227,Ullstorp,1.3,A,6,3533,TRUE
714,CDN2BANXX_4#,145,,,6237,6235,6241,0.997260273972603,1428,6046,Ramsta,8.1,B,6,1428,FALSE
727,CDN2BANXX_4#,145,,,6180,7127,7413,1,2056,5856,Ullstorp,4.4,C,6,2056,TRUE
722,CDN2BANXX_4#,145,,,6043,6046,6900,0.99029304029304,1283,6126,Ramsta,2.5,D,6,1283,TRUE
721,CDN2BANXX_4#,145,,,9470,9970,9974,0.999471458773784,931,5856,Adal,11.1,E,6,931,TRUE
724,CDN2BANXX_4#,145,,,8227,6043,6046,0.99748929257126,2296,6237,Ullstorp,5.2,F,6,2296,TRUE
716,CDN2BANXX_4#,145,,,6231,9433,6069,0.995998399359744,1457,6126,Ramsta,5.3,G,6,1457,TRUE
701,CDN2BANXX_4#,145,,,6046,6043,6900,0.998774646318369,1862,5856,Adal,9.2,H,6,1862,TRUE
709,CDN2BANXX_5#,145,,,6231,9433,6069,0.998696785403996,1470,6046,Ramsta,9.1,A,7,1470,FALSE
714,CDN2BANXX_5#,145,,,6104,8335,6091,0.996999159764734,1332,6104,Ramsta,8.5,B,7,1332,TRUE
711,CDN2BANXX_5#,145,,,8227,6043,6046,0.998424842484248,768,6126,Adal,10.4,C,7,768,TRUE
701,CDN2BANXX_5#,145,,,6191,9970,6192,0.997856121962839,3223,6231,Ullstorp,1.5,D,7,3223,TRUE
704,CDN2BANXX_5#,145,,,5856,6071,6238,0.998274672187716,1622,8227,Ramsta,9.2,E,7,1622,TRUE
708,CDN2BANXX_5#,145,,,6191,6192,9970,0.998075998075998,600,8241,Ramsta,7.1,F,7,600,TRUE
702,CDN2BANXX_5#,145,,,6231,9433,6069,0.997603514844894,1669,5856,Ramsta,1.5,G,7,1669,TRUE
719,CDN2BANXX_5#,145,,,5856,6238,6071,0.998614238697384,858,9470,Adal,6.5,H,7,858,TRUE
705,CDN2BANXX_5#,145,,,5856,6071,6238,0.998292682926829,4065,8227,Ratch,11.2,A,8,4065,TRUE
715,CDN2BANXX_5#,145,,,9470,9970,9974,0.999262808698857,2424,6104,Ullstorp,9.3,B,8,2424,TRUE
726,CDN2BANXX_5#,145,,,5856,6071,6238,0.997757512333682,277,6237,Adal,3.1,C,8,277,TRUE
710,CDN2BANXX_5#,145,,,6180,7127,7413,1,3252,5856,Ullstorp,6.3,D,8,3252,TRUE
707,CDN2BANXX_5#,145,,,9470,9970,9974,0.998588567395907,413,6237,Adal,11.6,E,8,413,TRUE
722,CDN2BANXX_5#,145,,,5856,6071,6238,0.999314599040439,907,6126,Adal,4.3,F,8,907,TRUE
721,CDN2BANXX_5#,145,,,6126,6115,6106,0.998939554612937,1111,6231,Adal,5.4,G,8,1111,TRUE
712,CDN2BANXX_5#,145,,,6126,6106,6115,0.998340839061389,2384,5856,Ullstorp,11.1,H,8,2384,TRUE
718,CDN2BANXX_5#,145,,,8241,9970,9974,0.998647430117223,2903,8241,Ratch,9.5,A,9,2903,TRUE
727,CDN2BANXX_5#,145,,,6126,6115,6106,0.998736176935229,1637,8227,Ramsta,7.1,B,9,1637,TRUE
723,CDN2BANXX_5#,145,,,8227,6043,6046,0.997845117845118,1930,8241,Adal,8.2,C,9,1930,TRUE
716,CDN2BANXX_5#,145,,,9452,9451,9450,0.998778998778999,3433,6180,Ullstorp,11.6,D,9,3433,TRUE
703,CDN2BANXX_5#,145,,,6124,9970,9974,0.998674493467146,3656,6180,Ratch,3.4,E,9,3656,TRUE
724,CDN2BANXX_5#,145,,,6043,6046,6900,0.998381549666195,2309,6180,Ullstorp,11.1,F,9,2309,TRUE
706,CDN2BANXX_5#,145,,,6231,9433,6069,0.998583569405099,713,9470,Adal,3.5,G,9,713,TRUE
720,CDN2BANXX_5#,145,,,6237,6241,6235,0.998806207719857,3084,6046,Ratch,9.1,H,9,3084,FALSE
709,CDN2BANXX_6#,145,,,9470,9970,9974,1,3037,6126,Ratch,10.4,A,10,3037,FALSE
726,CDN2BANXX_6#,145,,,9470,9970,9974,0.999004149377593,2562,9470,Ullstorp,8.5,B,10,2562,TRUE
701,CDN2BANXX_6#,145,,,6126,6115,6106,1,2827,6191,Ratch,11.4,C,10,2827,TRUE
716,CDN2BANXX_6#,145,,,6191,6192,6198,0.99498477521046,1164,6180,Ramsta,9.6,D,10,1164,TRUE
703,CDN2BANXX_6#,145,,,6191,6192,6198,0.993639575971732,1338,6126,Ramsta,8.6,E,10,1338,TRUE
722,CDN2BANXX_6#,145,,,6237,6241,6235,0.98188751191611,1230,6046,Ramsta,3.4,F,10,1230,FALSE
707,CDN2BANXX_6#,145,,,6237,6235,6241,0.995539033457249,3017,6237,Ratch,9.2,G,10,3017,TRUE
712,CDN2BANXX_6#,145,,,6237,6241,6235,0.998904109589041,527,6104,Ramsta,5.1,H,10,527,TRUE
720,CDN2BANXX_6#,145,,,6126,6115,6106,0.998829268292683,3062,9470,Ratch,3.5,A,11,3062,TRUE
723,CDN2BANXX_6#,145,,,6046,6043,6900,0.99832953682612,3068,8227,Ratch,1.3,B,11,3068,TRUE
715,CDN2BANXX_6#,145,,,9470,9970,9974,0.995509499136442,2433,8227,Ullstorp,6.1,C,11,2433,TRUE
724,CDN2BANXX_6#,145,,,6126,6115,6106,0.998616700201207,3762,6237,Ratch,3.1,D,11,3762,TRUE
714,CDN2BANXX_6#,145,,,8227,6043,6046,0.997870474758863,2589,8227,Ratch,1.2,E,11,2589,TRUE
705,CDN2BANXX_6#,145,,,6126,6115,6106,0.998419388830348,4056,9470,Ratch,5.1,F,11,4056,TRUE
711,CDN2BANXX_6#,145,,,8227,6043,6030,0.995486459378134,245,6191,Adal,10.3,G,11,245,TRUE
702,CDN2BANXX_6#,145,,,9470,9970,9974,0.997742255937867,2524,6191,Ullstorp,10.5,H,11,2524,TRUE
710,CDN2BANXX_6#,145,,,8227,6043,6046,0.997079581406668,2569,6046,Ullstorp,1.3,A,12,2569,Fine
706,CDN2BANXX_6#,145,,,6046,6043,6900,0.998890860692103,1173,6126,Ramsta,10.4,B,12,1173,TRUE
721,CDN2BANXX_6#,145,,,5856,6071,6238,0.997421658072194,3338,9470,Ullstorp,11.2,C,12,3338,TRUE
708,CDN2BANXX_6#,145,,,6104,8335,6091,0.998523206751055,1645,6180,Ramsta,7.6,D,12,1645,TRUE
719,CDN2BANXX_6#,145,,,5856,6071,6238,0.999169779991698,1749,5856,Adal,1.4,E,12,1749,TRUE
704,CDN2BANXX_6#,145,,,6180,7127,7413,0.999174236168456,1207,6126,Ramsta,6.5,F,12,1207,TRUE
727,CDN2BANXX_6#,145,,,6180,7127,7413,0.997339010111762,578,5856,Ramsta,5.2,G,12,578,TRUE
718,CDN2BANXX_6#,145,,,6191,6198,6188,0.995693938390195,3290,6237,Ullstorp,10.3,H,12,3290,TRUE
701,HKKWJDRXX_1#,167,A,1,9058,9974,9970,0.996293354514165,1890,9405,Adal,6.5,A,1,1890,False
701,HKKWJDRXX_1#,167,B,1,1317,1313,6030,0.785308164657721,1769,1318,Adal,7.3,B,1,1769,False
701,HKKWJDRXX_1#,167,C,1,6098,9969,9970,0.997367161321206,2005,6098,Adal,1.2,C,1,2005,True
701,HKKWJDRXX_1#,167,D,1,9451,9452,9969,0.991419991419991,804,9451,Adal,8.2,D,1,804,True
701,HKKWJDRXX_1#,167,E,1,8335,6091,6118,0.946773605541378,1069,8335,Adal,9.2,E,1,1069,True
701,HKKWJDRXX_1#,167,F,1,1063,8427,6036,0.994961370507222,1900,1063,Adal,5.4,F,1,1900,True
701,HKKWJDRXX_1#,167,G,1,6252,6268,6255,0.995577178239717,1935,6252,Adal,6.1,G,1,1935,True
701,HKKWJDRXX_1#,167,H,1,8386,9970,5993,0.99527288354104,716,8386,Adal,6.6,H,1,716,True
710,HKKWJDRXX_1#,167,A,10,9321,9332,6169,0.997189695550351,2909,9321,Ratch,10.5,A,10,2909,True
710,HKKWJDRXX_1#,167,B,10,6020,9974,9970,0.997226624405705,2958,6020,Ratch,6.2,B,10,2958,True
710,HKKWJDRXX_1#,167,C,10,6188,6198,6195,0.996794871794872,3100,6188,Ratch,5.5,C,10,3100,True
710,HKKWJDRXX_1#,167,D,10,8256,9970,9969,0.996193583469277,1852,8256,Adal,9.6,D,10,1852,True
710,HKKWJDRXX_1#,167,E,10,9382,9383,9381,0.997293233082707,1897,9382,Adal,10.6,E,10,1897,True
710,HKKWJDRXX_1#,167,F,10,6030,6220,5860,0.99741124260355,1742,6030,Adal,9.2,F,10,1742,True
710,HKKWJDRXX_1#,167,G,10,6030,1257,6900,0.632819582955576,1713,1363,Adal,8.6,G,10,1713,False
710,HKKWJDRXX_1#,167,H,10,6173,9332,6172,0.998862343572241,2002,6173,Adal,4.5,H,10,2002,True
711,HKKWJDRXX_1#,167,A,11,6131,6125,8335,0.998636363636363,2668,6131,Ratch,1.5,A,11,2668,True
711,HKKWJDRXX_1#,167,B,11,1257,1254,6030,0.993650793650794,2741,1257,Ratch,4.6,B,11,2741,True
711,HKKWJDRXX_1#,167,C,11,6241,6240,6235,0.998410174880763,2964,6241,Ratch,6.5,C,11,2964,True
711,HKKWJDRXX_1#,167,D,11,8387,6915,9974,1,3150,8387,Ratch,2.5,D,11,3150,True
711,HKKWJDRXX_1#,167,E,11,6284,9974,9970,0.998355263157895,2894,6284,Ratch,1.4,E,11,2894,True
711,HKKWJDRXX_1#,167,F,11,6184,8376,5860,0.996447602131439,2688,6184,Ratch,4.5,F,11,2688,True
711,HKKWJDRXX_1#,167,G,11,6202,5867,6201,0.997787610619469,2593,6149,Ratch,6.5,G,11,2593,False
711,HKKWJDRXX_1#,167,H,11,6174,6172,6173,0.997329773030708,2797,6174,Ratch,2.3,H,11,2797,True
712,HKKWJDRXX_1#,167,A,12,6102,9970,9969,0.998116760828625,3917,6102,Ratch,8.4,A,12,3917,True
712,HKKWJDRXX_1#,167,B,12,6112,9974,9970,0.997020262216925,3984,6112,Ratch,5.4,B,12,3984,True
712,HKKWJDRXX_1#,167,C,12,6073,8242,9969,0.996962025316456,3661,6073,Ratch,11.3,C,12,3661,True
712,HKKWJDRXX_1#,167,D,12,6193,9969,6035,0.999234889058913,2800,6193,Ratch,9.6,D,12,2800,True
712,HKKWJDRXX_1#,167,E,12,9476,6268,6252,0.998364231188659,3792,9476,Ratch,7.4,E,12,3792,True
712,HKKWJDRXX_1#,167,F,12,6166,6153,6163,0.999554764024933,3032,6166,Ratch,2.3,F,12,3032,True
712,HKKWJDRXX_1#,167,G,12,6188,6198,9970,0.881208053691275,2863,6198,Ratch,7.1,G,12,2863,True
712,HKKWJDRXX_1#,167,H,12,6092,9970,9974,0.996324880558618,2925,8369,Ratch,7.4,H,12,2925,False
702,HKKWJDRXX_1#,167,A,2,6023,6024,6091,0.997634069400631,1841,6023,Adal,1.3,A,2,1841,True
702,HKKWJDRXX_1#,167,B,2,6109,9970,9974,0.997919143876338,888,6109,Adal,4.3,B,2,888,True
702,HKKWJDRXX_1#,167,C,2,9476,6252,6268,0.996115666810531,708,9476,Adal,1.5,C,2,708,True
702,HKKWJDRXX_1#,167,D,2,6020,9974,9970,0.997791275538376,814,6020,Adal,7.6,D,2,814,True
702,HKKWJDRXX_1#,167,E,2,8247,8335,6077,0.933658933658934,1051,8247,Adal,2.4,E,2,1051,True
702,HKKWJDRXX_1#,167,F,2,6202,5867,9970,0.999177969584875,1789,6202,Adal,7.5,F,2,1789,True
702,HKKWJDRXX_1#,167,G,2,7517,9476,9442,0.995232753785754,1046,7517,Adal,7.4,G,2,1046,True
702,HKKWJDRXX_1#,167,H,2,6106,8237,6115,0.996051103368177,859,6106,Adal,8.5,H,2,859,True
703,HKKWJDRXX_1#,167,A,3,6025,6163,6166,0.997125685915861,1791,6025,Adal,9.3,A,3,1791,True
703,HKKWJDRXX_1#,167,B,3,8351,6030,9969,0.994242424242424,1977,8351,Adal,5.1,B,3,1977,True
703,HKKWJDRXX_1#,167,C,3,6085,9974,9969,0.997549019607843,1992,6085,Adal,11.4,C,3,1992,True
703,HKKWJDRXX_1#,167,D,3,6118,8335,6091,0.99858806918461,784,6118,Adal,1.2,D,3,784,True
703,HKKWJDRXX_1#,167,E,3,8422,9970,9969,0.994961470065204,918,8422,Adal,11.4,E,3,918,True
703,HKKWJDRXX_1#,167,F,3,6039,9970,9969,0.982583454281568,831,6039,Adal,11.3,F,3,831,True
703,HKKWJDRXX_1#,167,G,3,6974,9970,9974,0.994336569579288,1127,8240,Adal,2.5,G,3,1127,False
703,HKKWJDRXX_1#,167,H,3,6131,6125,8335,0.996435515230071,1864,6131,Adal,4.4,H,3,1864,True
704,HKKWJDRXX_1#,167,A,4,6413,9970,9974,0.995337995337995,2000,6413,Adal,1.6,A,4,2000,True
704,HKKWJDRXX_1#,167,B,4,8283,9970,9974,0.996357960457856,1782,8283,Adal,5.6,B,4,1782,True
704,HKKWJDRXX_1#,167,C,4,5832,5831,9974,0.996850393700787,1746,5832,Adal,6.4,C,4,1746,True
704,HKKWJDRXX_1#,167,D,4,8427,6034,6036,0.840806252570958,1859,8423,Adal,11.1,D,4,1859,False
704,HKKWJDRXX_1#,167,E,4,6040,6091,8335,0.998535335042109,1858,6040,Adal,9.2,E,4,1858,True
704,HKKWJDRXX_1#,167,F,4,9399,9974,9969,0.998044328552803,1845,9399,Adal,7.4,F,4,1845,True
704,HKKWJDRXX_1#,167,G,4,6184,5860,8376,0.997571131158917,1760,6184,Adal,7.2,G,4,1760,True
704,HKKWJDRXX_1#,167,H,4,6244,9363,6016,0.998207082025997,1081,6243,Adal,5.4,H,4,1081,False
705,HKKWJDRXX_1#,167,A,5,8369,8335,6091,0.998769987699877,1991,8369,Adal,8.3,A,5,1991,True
705,HKKWJDRXX_1#,167,B,5,6238,6071,6240,0.99761083089992,1787,6238,Adal,2.2,B,5,1787,True
705,HKKWJDRXX_1#,167,C,5,8237,6106,6115,0.995767602924202,1735,8237,Adal,8.4,C,5,1735,True
705,HKKWJDRXX_1#,167,D,5,9433,6231,6064,0.99793021880544,1872,9433,Adal,8.5,D,5,1872,True
705,HKKWJDRXX_1#,167,E,5,6913,6011,6210,0.996850012115338,1950,6913,Adal,9.6,E,5,1950,True
705,HKKWJDRXX_1#,167,F,5,9409,9970,10013,0.996309963099631,1918,9409,Adal,10.3,F,5,1918,True
705,HKKWJDRXX_1#,167,G,5,9332,6169,9323,0.934795152914022,2001,9332,Adal,2.1,G,5,2001,True
705,HKKWJDRXX_1#,167,H,5,6138,9471,6091,0.996351844345359,1755,6138,Adal,8.4,H,5,1755,True
706,HKKWJDRXX_1#,167,A,6,6106,8237,6115,0.996914940502424,1913,6106,Adal,5.5,A,6,1913,True
706,HKKWJDRXX_1#,167,B,6,6114,6115,8237,0.992695652173913,1795,6114,Adal,8.1,B,6,1795,True
706,HKKWJDRXX_1#,167,C,6,6154,6163,6025,0.996558197747184,1990,6154,Adal,8.1,C,6,1990,True
706,HKKWJDRXX_1#,167,D,6,6413,9974,9970,0.995813710099424,1729,6413,Adal,10.4,D,6,1729,True
706,HKKWJDRXX_1#,167,E,6,8335,6024,6145,0.788461538461538,1723,6129,Adal,5.5,E,6,1723,False
706,HKKWJDRXX_1#,167,F,6,9336,6030,9974,0.994538232373386,1983,9336,Adal,8.6,F,6,1983,True
706,HKKWJDRXX_1#,167,G,6,6242,9974,9969,0.996714848883049,1997,6242,Adal,1.6,G,6,1997,True
706,HKKWJDRXX_1#,167,H,6,6218,6214,6917,0.996757075471698,1768,6218,Adal,7.1,H,6,1768,True
707,HKKWJDRXX_1#,167,A,7,9421,9974,9970,0.99897066392177,1848,9421,Adal,5.3,A,7,1848,True
707,HKKWJDRXX_1#,167,B,7,6154,6163,6025,0.996358339402768,1687,6133,Adal,7.3,B,7,1687,False
707,HKKWJDRXX_1#,167,C,7,6198,6188,6191,0.999141630901288,2004,6197,Adal,11.6,C,7,2004,False
707,HKKWJDRXX_1#,167,D,7,9408,9970,9974,0.99792243767313,1912,9408,Adal,4.6,D,7,1912,True
707,HKKWJDRXX_1#,167,E,7,9386,6177,8376,0.998976982097187,1957,9386,Adal,7.4,E,7,1957,True
707,HKKWJDRXX_1#,167,F,7,8307,6036,6038,0.99780701754386,1909,8307,Adal,5.6,F,7,1909,True
707,HKKWJDRXX_1#,167,G,7,9427,9332,6173,0.998513232233125,1924,9427,Adal,6.6,G,7,1924,True
707,HKKWJDRXX_1#,167,H,7,6188,6198,9970,0.841608738828202,1982,6198,Adal,6.6,H,7,1982,True
708,HKKWJDRXX_1#,167,A,8,6073,8242,10013,0.997307001795332,1837,6073,Adal,8.1,A,8,1837,True
708,HKKWJDRXX_1#,167,B,8,9436,9970,9974,0.998727735368957,1933,9437,Adal,1.6,B,8,1933,False
708,HKKWJDRXX_1#,167,C,8,992,1002,991,0.993670886075949,1717,992,Adal,7.2,C,8,1717,True
708,HKKWJDRXX_1#,167,D,8,6174,6172,6173,0.997677119628339,2007,6174,Adal,6.4,D,8,2007,True
708,HKKWJDRXX_1#,167,G,8,6124,9974,9970,0.998358502954694,1889,6124,Adal,5.3,G,8,1889,True
708,HKKWJDRXX_1#,167,H,8,5867,9970,9974,0.998986486486486,1741,5867,Adal,8.6,H,8,1741,True
709,HKKWJDRXX_1#,167,A,9,9974,9970,9978,0.524720893141946,1945,1585,Adal,1.5,A,9,1945,False
709,HKKWJDRXX_1#,167,B,9,9391,9390,9392,0.998303647158609,1921,9391,Adal,3.6,B,9,1921,True
709,HKKWJDRXX_1#,167,C,9,6201,9969,6202,0.997859589041096,1986,6201,Adal,2.6,C,9,1986,True
709,HKKWJDRXX_1#,167,D,9,6209,6009,6210,0.997338852749852,1728,6209,Adal,8.4,D,9,1728,True
709,HKKWJDRXX_1#,167,E,9,6188,6198,6195,0.997273553468646,1730,6188,Adal,11.4,E,9,1730,True
709,HKKWJDRXX_1#,167,F,9,6258,6255,9974,0.997927767910006,1908,6258,Adal,4.5,F,9,1908,True
709,HKKWJDRXX_1#,167,G,9,6166,6153,6163,0.997584541062802,1761,6166,Adal,10.6,G,9,1761,True
709,HKKWJDRXX_1#,167,H,9,6235,6241,6240,0.997801660967269,1923,6235,Adal,6.1,H,9,1923,True
701,HMYF5DRXX_1#,168,A,1,6114,9970,6043,0.866547245857591,2994,6114,Ratch,2.3,A,1,2994,True
701,HMYF5DRXX_1#,168,B,1,9433,6231,6064,0.969682726204465,2959,9433,Ratch,6.5,B,1,2959,True
701,HMYF5DRXX_1#,168,C,1,6013,6011,6009,0.835695135963232,2787,6413,Ratch,7.1,C,1,2787,False
701,HMYF5DRXX_1#,168,D,1,6013,6009,6011,0.979084967320261,2972,6013,Ratch,6.5,D,1,2972,True
701,HMYF5DRXX_1#,168,E,1,6201,9970,10013,0.974619289340101,2996,6201,Ratch,5.4,E,1,2996,True
701,HMYF5DRXX_1#,168,F,1,6098,9970,9976,0.981804949053857,3072,6098,Ratch,10.5,F,1,3072,True
701,HMYF5DRXX_1#,168,G,1,6209,6009,6210,0.987402741756206,2965,6209,Ratch,8.5,G,1,2965,True
701,HMYF5DRXX_1#,168,H,1,6034,8427,9970,0.993010752688172,2728,6034,Ratch,1.1,H,1,2728,True
710,HMYF5DRXX_1#,168,A,10,9399,9970,9969,0.962312360268285,2814,9399,Ratch,8.4,A,10,2814,True
710,HMYF5DRXX_1#,168,B,10,9450,9970,9974,0.969088591459528,2868,9450,Ratch,9.3,B,10,2868,True
710,HMYF5DRXX_1#,168,C,10,6086,9970,6016,0.984812150279776,2812,6086,Ratch,8.1,C,10,2812,True
710,HMYF5DRXX_1#,168,D,10,6413,9970,9974,0.989583333333333,1729,6413,Adal,10.4,D,10,1729,True
710,HMYF5DRXX_1#,168,E,10,6085,9970,9974,0.985520042380364,3140,6085,Ratch,3.4,E,10,3140,True
710,HMYF5DRXX_1#,168,F,10,5856,6030,6017,0.744216885221747,3023,9434,Ratch,9.3,F,10,3023,False
710,HMYF5DRXX_1#,168,G,10,6169,9323,9332,0.987602215774202,3748,6169,Ratch,11.3,G,10,3748,True
710,HMYF5DRXX_1#,168,H,10,9451,9452,9970,0.978978978978979,3104,9451,Ratch,10.5,H,10,3104,True
711,HMYF5DRXX_1#,168,A,11,8326,9970,9974,0.986124634858812,2624,8326,Ratch,5.2,A,11,2624,True
711,HMYF5DRXX_1#,168,B,11,6115,6106,8237,0.984941438929169,3156,6115,Ratch,2.4,B,11,3156,True
711,HMYF5DRXX_1#,168,C,11,6974,9970,9974,0.990341847757021,3099,8240,Ratch,5.2,C,11,3099,False
711,HMYF5DRXX_1#,168,D,11,1158,1166,9970,0.995538559592097,2659,1158,Ratch,9.1,D,11,2659,True
711,HMYF5DRXX_1#,168,E,11,6154,6163,6025,0.985533453887884,3997,6133,Ratch,7.1,E,11,3997,False
711,HMYF5DRXX_1#,168,F,11,6202,9970,5867,0.987695462701871,3809,6202,Ratch,3.2,F,11,3809,True
711,HMYF5DRXX_1#,168,G,11,991,1006,992,0.972309299895507,4058,991,Ratch,5.6,G,11,4058,True
711,HMYF5DRXX_1#,168,H,11,6012,6011,6010,0.993323216995448,2610,6012,Ratch,2.4,H,11,2610,True
712,HMYF5DRXX_1#,168,A,12,9421,9970,9974,0.996289424860854,2698,9421,Ratch,4.1,A,12,2698,True
712,HMYF5DRXX_1#,168,B,12,9453,9970,9974,0.938642659279778,3111,9453,Ratch,9.5,B,12,3111,True
712,HMYF5DRXX_1#,168,C,12,7383,9970,9969,0.982014388489209,2643,1435,Ratch,9.5,C,12,2643,False
712,HMYF5DRXX_1#,168,D,12,9970,9974,9973,0.520476931052359,3808,1585,Ratch,2.4,D,12,3808,False
712,HMYF5DRXX_1#,168,E,12,6217,6918,6214,0.995904995904996,3113,6217,Ratch,10.2,E,12,3113,True
712,HMYF5DRXX_1#,168,F,12,9408,9970,9974,0.99051724137931,4014,9408,Ratch,4.1,F,12,4014,True
712,HMYF5DRXX_1#,168,G,12,9323,6169,9332,0.986497890295359,2637,9323,Ratch,1.3,G,12,2637,True
712,HMYF5DRXX_1#,168,H,12,6136,6091,8335,0.993957703927492,2967,6136,Ratch,1.2,H,12,2967,True
702,HMYF5DRXX_1#,168,A,2,1063,9970,6036,0.893960350391886,2620,1063,Ratch,7.5,A,2,2620,True
702,HMYF5DRXX_1#,168,B,2,6108,9970,9974,0.844589687726943,2770,6108,Ratch,4.1,B,2,2770,True
702,HMYF5DRXX_1#,168,C,2,6198,6188,6191,0.930368487928844,3123,6197,Ratch,3.1,C,2,3123,False
702,HMYF5DRXX_1#,168,D,2,6255,6252,7517,0.886244921648288,3149,6252,Ratch,2.4,D,2,3149,True
702,HMYF5DRXX_1#,168,E,2,6243,9970,9974,0.972126634549209,2635,6243,Ratch,10.6,E,2,2635,True
702,HMYF5DRXX_1#,168,F,2,6086,9970,9974,0.991967871485944,2738,6086,Ratch,3.2,F,2,2738,True
702,HMYF5DRXX_1#,168,G,2,6086,9970,9974,0.925948781240358,2990,6086,Ratch,7.5,G,2,2990,True
702,HMYF5DRXX_1#,168,H,2,9343,9970,9416,0.992005329780146,2709,9343,Ratch,7.5,H,2,2709,True
703,HMYF5DRXX_1#,168,A,3,6035,6077,6136,0.9454770755886,2823,6035,Ratch,6.6,A,3,2823,True
703,HMYF5DRXX_1#,168,B,3,8258,8259,9970,0.917637271214642,2980,8258,Ratch,1.5,B,3,2980,True
703,HMYF5DRXX_1#,168,C,3,6009,6010,6209,0.949333333333333,3078,6009,Ratch,6.5,C,3,3078,True
703,HMYF5DRXX_1#,168,D,3,6039,9970,9976,0.969094922737307,3052,6039,Ratch,4.6,D,3,3052,True
703,HMYF5DRXX_1#,168,E,3,6114,9970,9974,0.971606378840918,2710,6114,Ratch,10.4,E,3,2710,True
703,HMYF5DRXX_1#,168,F,3,9970,8231,9974,0.525641025641026,3120,6964,Ratch,7.3,F,3,3120,False
703,HMYF5DRXX_1#,168,G,3,6154,6025,6163,0.941706161137441,2942,6154,Ratch,10.3,G,3,2942,True
703,HMYF5DRXX_1#,168,H,3,6021,6022,9970,0.950208855472013,2736,6021,Ratch,9.1,H,3,2736,True
704,HMYF5DRXX_1#,168,A,4,6913,6011,6013,0.922421142369992,2845,9356,Ratch,10.6,A,4,2845,False
704,HMYF5DRXX_1#,168,B,4,5867,9970,9974,0.956923076923077,2833,5867,Ratch,3.6,B,4,2833,True
704,HMYF5DRXX_1#,168,C,4,5865,1061,9970,0.968195620904587,2919,5865,Ratch,10.2,C,4,2919,True
704,HMYF5DRXX_1#,168,D,4,6124,9970,9969,0.99284534947716,2944,6124,Ratch,1.5,D,4,2944,True
704,HMYF5DRXX_1#,168,E,4,6243,9970,10012,0.977173913043478,3131,6242,Ratch,11.6,E,4,3131,False
704,HMYF5DRXX_1#,168,F,4,1254,1257,6900,0.962610469068661,2717,1254,Ratch,11.2,F,4,2717,True
704,HMYF5DRXX_1#,168,G,4,6012,6011,6010,0.98661670235546,2601,9392,Ratch,11.5,G,4,2601,False
704,HMYF5DRXX_1#,168,H,4,6243,9970,9974,0.930865541643985,2618,8426,Ratch,3.1,H,4,2618,False
705,HMYF5DRXX_1#,168,A,5,6241,6240,6235,0.972183588317107,2716,6241,Ratch,9.6,A,5,2716,True
705,HMYF5DRXX_1#,168,B,5,6030,9970,9974,0.63883632923368,2824,1363,Ratch,10.2,B,5,2824,False
705,HMYF5DRXX_1#,168,C,5,6122,6136,8335,0.958596048759983,2840,6122,Ratch,5.4,C,5,2840,True
705,HMYF5DRXX_1#,168,D,5,6042,9970,9974,0.960169941582581,2650,6042,Ratch,4.6,D,5,2650,True
705,HMYF5DRXX_1#,168,E,5,6913,6011,6012,0.927620632279534,3047,9356,Ratch,3.2,E,5,3047,False
705,HMYF5DRXX_1#,168,F,5,6148,9970,8335,0.917353024708889,3122,6148,Ratch,2.3,F,5,3122,True
705,HMYF5DRXX_1#,168,G,5,6017,6016,9332,0.908225250369398,2888,6017,Ratch,8.1,G,5,2888,True
705,HMYF5DRXX_1#,168,H,5,9404,9407,9405,0.964849719816607,2621,9404,Ratch,8.1,H,5,2621,True
706,HMYF5DRXX_1#,168,A,6,6090,9970,9974,0.963483146067416,4023,6090,Ratch,7.3,A,6,4023,True
706,HMYF5DRXX_1#,168,B,6,9404,9407,9405,0.975095785440613,2970,9404,Ratch,6.1,B,6,2970,True
706,HMYF5DRXX_1#,168,C,6,6830,7213,6434,0.920022371364653,2975,5829,Ratch,11.6,C,6,2975,False
706,HMYF5DRXX_1#,168,D,6,1317,1313,6030,0.771112405358183,2805,1318,Ratch,10.1,D,6,2805,False
706,HMYF5DRXX_1#,168,E,6,8369,8335,6091,0.975824800910125,2926,6038,Ratch,10.2,E,6,2926,False
706,HMYF5DRXX_1#,168,F,6,9392,9390,9391,0.907756813417191,3082,9392,Ratch,5.5,F,6,3082,True
706,HMYF5DRXX_1#,168,G,6,7517,6255,9476,0.93929539295393,2785,7517,Ratch,10.4,G,6,2785,True
706,HMYF5DRXX_1#,168,H,6,6118,8335,6091,0.956714060031596,2819,6118,Ratch,3.4,H,6,2819,True
707,HMYF5DRXX_1#,168,A,7,9383,9381,9970,0.995211492418196,3147,9383,Ratch,10.3,A,7,3147,True
707,HMYF5DRXX_1#,168,B,7,9436,9970,9976,0.968892261001518,3144,9437,Ratch,4.3,B,7,3144,False
707,HMYF5DRXX_1#,168,C,7,6210,6209,6009,0.953868613138686,4028,6210,Ratch,6.2,C,7,4028,True
707,HMYF5DRXX_1#,168,D,7,6030,9970,9974,0.634770114942529,2488,1363,Ullstorp,6.6,D,7,2488,False
707,HMYF5DRXX_1#,168,E,7,9391,9390,9392,0.973879393743954,2731,6097,Ratch,4.3,E,7,2731,False
707,HMYF5DRXX_1#,168,F,7,9407,9405,9404,0.952263519464506,2954,9407,Ratch,1.6,F,7,2954,True
707,HMYF5DRXX_1#,168,G,7,1552,9970,6043,0.886282508924018,2935,1552,Ratch,6.5,G,7,2935,True
707,HMYF5DRXX_1#,168,H,7,9436,9970,9974,0.986383182035356,2622,9436,Ratch,8.4,H,7,2622,True
708,HMYF5DRXX_1#,168,A,8,9970,8231,9974,0.529936305732484,3102,7519,Ratch,9.1,A,8,3102,False
708,HMYF5DRXX_1#,168,B,8,9058,9970,9974,0.961668995807546,3022,9405,Ratch,4.6,B,8,3022,False
708,HMYF5DRXX_1#,168,C,8,6142,8335,6091,0.942656979761287,4006,6142,Ratch,10.3,C,8,4006,True
708,HMYF5DRXX_1#,168,D,8,6064,6069,9433,0.974580579562786,3006,6064,Ratch,9.3,D,8,3006,True
708,HMYF5DRXX_1#,168,E,8,6973,9970,9969,0.923244026068067,2720,6973,Ratch,4.4,E,8,2720,True
708,HMYF5DRXX_1#,168,F,8,992,1002,9970,0.93065518890483,2806,992,Ratch,10.4,F,8,2806,True
708,HMYF5DRXX_1#,168,G,8,1061,9970,9974,0.971270718232044,2745,1061,Ratch,9.6,G,8,2745,True
708,HMYF5DRXX_1#,168,H,8,997,9970,9974,0.992297437416679,nan,nan,nan,nan,H,8,nan,False
709,HMYF5DRXX_1#,168,A,9,9332,6169,9323,0.98308794269797,3672,9332,Ratch,1.5,A,9,3672,True
709,HMYF5DRXX_1#,168,B,9,6189,9970,9974,0.933682373472949,2641,6189,Ratch,7.5,B,9,2641,True
709,HMYF5DRXX_1#,168,C,9,8256,9970,9974,0.949702380952381,2694,8256,Ratch,9.6,C,9,2694,True
709,HMYF5DRXX_1#,168,D,9,6974,9970,9974,0.986111111111111,2767,6974,Ratch,11.5,D,9,2767,True
709,HMYF5DRXX_1#,168,E,9,6145,8335,6091,0.949568679495687,3019,6145,Ratch,1.3,E,9,3019,True
709,HMYF5DRXX_1#,168,F,9,6111,9970,9974,0.960543171919037,2940,6111,Ratch,10.1,F,9,2940,True
709,HMYF5DRXX_1#,168,G,9,6011,6012,6913,0.973709018539856,2761,6011,Ratch,7.4,G,9,2761,True
709,HMYF5DRXX_1#,168,H,9,8306,6036,9974,0.960665000543301,3063,8306,Ratch,6.3,H,9,3063,True
701,HMYF5DRXX_1#,169,A,1,5830,9970,9974,0.992728828058169,3093,5830,Ratch,4.6,A,1,3093,True
701,HMYF5DRXX_1#,169,B,1,6094,9970,8231,0.994117647058824,2599,6198,Ratch,9.1,B,1,2599,False
701,HMYF5DRXX_1#,169,C,1,6244,9363,6016,0.997787610619469,3066,6244,Ratch,9.3,C,1,3066,True
701,HMYF5DRXX_1#,169,D,1,6109,9969,9970,0.989169675090253,2707,6109,Ratch,4.1,D,1,2707,True
701,HMYF5DRXX_1#,169,E,1,8230,9974,8231,0.990243902439024,2721,8230,Ratch,4.6,E,1,2721,True
701,HMYF5DRXX_1#,169,F,1,9481,9970,9974,0.990353697749196,2726,9481,Ratch,11.1,F,1,2726,True
701,HMYF5DRXX_1#,169,G,1,8386,6445,9970,0.987261146496815,2664,8386,Ratch,3.2,G,1,2664,True
701,HMYF5DRXX_1#,169,H,1,6016,6017,6244,0.99697428139183,2747,6016,Ratch,11.1,H,1,2747,True
710,HMYF5DRXX_1#,169,A,10,6177,8376,9386,0.997621878715814,2912,6177,Ratch,11.5,A,10,2912,True
710,HMYF5DRXX_1#,169,B,10,9388,6221,6064,1,2746,6041,Ratch,10.4,B,10,2746,False
710,HMYF5DRXX_1#,169,C,10,9058,9970,9969,0.998468606431853,3048,9058,Ratch,8.1,C,10,3048,True
710,HMYF5DRXX_1#,169,D,10,6069,6064,9433,0.994594594594595,2740,6069,Ratch,4.4,D,10,2740,True
710,HMYF5DRXX_1#,169,E,10,9380,8335,6091,0.990909090909091,2881,9380,Ratch,10.1,E,10,2881,True
710,HMYF5DRXX_1#,169,F,10,6220,6030,6900,0.993562231759657,2872,6220,Ratch,4.3,F,10,2872,True
710,HMYF5DRXX_1#,169,G,10,8351,9970,6030,0.994047619047619,2878,8351,Ratch,8.2,G,10,2878,True
710,HMYF5DRXX_1#,169,H,10,8422,9970,9976,0.987562189054726,2957,8422,Ratch,5.4,H,10,2957,True
711,HMYF5DRXX_1#,169,A,11,9339,9369,9974,0.995854922279793,361,9339,Adal,7.1,A,11,361,True
711,HMYF5DRXX_1#,169,B,11,6041,9970,9969,0.995080815179199,410,6041,Adal,6.4,B,11,410,True
711,HMYF5DRXX_1#,169,C,11,6163,6166,6154,0.993311036789298,353,6163,Adal,10.5,C,11,353,True
711,HMYF5DRXX_1#,169,D,11,9416,9974,9970,0.995730145175064,299,9416,Adal,6.3,D,11,299,True
711,HMYF5DRXX_1#,169,E,11,8334,7223,9970,0.995658465991317,2778,8334,Ratch,2.4,E,11,2778,True
711,HMYF5DRXX_1#,169,F,11,5831,9970,8231,0.992537313432836,3089,5831,Ratch,4.2,F,11,3089,True
711,HMYF5DRXX_1#,169,G,11,8231,9974,10013,0.992805755395684,3139,8231,Ratch,1.3,G,11,3139,True
711,HMYF5DRXX_1#,169,H,11,9382,9381,9383,0.993870402802102,3060,9382,Ratch,8.6,H,11,3060,True
712,HMYF5DRXX_1#,169,A,12,6046,6043,6900,0.99592032637389,412,6043,Adal,11.3,A,12,412,True
712,HMYF5DRXX_1#,169,B,12,6434,6932,7096,0.986175115207373,1692,5829,Adal,9.6,B,12,1692,False
712,HMYF5DRXX_1#,169,C,12,6154,6163,6025,0.994630872483222,1731,6154,Adal,3.1,C,12,1731,True
712,HMYF5DRXX_1#,169,D,12,6013,6009,6011,0.997747747747748,1876,6013,Adal,2.1,D,12,1876,True
712,HMYF5DRXX_1#,169,E,12,6115,6106,8237,0.995700245700246,403,6115,Adal,4.2,E,12,403,True
712,HMYF5DRXX_1#,169,F,12,6221,9388,6064,0.996197718631179,298,6221,Adal,5.1,F,12,298,True
712,HMYF5DRXX_1#,169,G,12,6149,6136,8335,0.99479843953186,1751,6149,Adal,7.1,G,12,1751,True
712,HMYF5DRXX_1#,169,H,12,6122,6136,6091,0.993569131832797,1874,6122,Adal,10.6,H,12,1874,True
702,HMYF5DRXX_1#,169,A,2,8335,6091,6118,1,3073,8335,Ratch,3.2,A,2,3073,True
702,HMYF5DRXX_1#,169,B,2,9386,8376,6177,1,3157,9386,Ratch,4.2,B,2,3157,True
702,HMYF5DRXX_1#,169,C,2,1062,6142,6035,0.988571428571428,2939,1062,Ratch,9.2,C,2,2939,True
702,HMYF5DRXX_1#,169,D,2,6140,8335,5836,1,3069,6140,Ratch,4.3,D,2,3069,True
702,HMYF5DRXX_1#,169,E,2,6192,9970,9976,0.989130434782608,3130,6192,Ratch,11.4,E,2,3130,True
702,HMYF5DRXX_1#,169,F,2,9391,9390,9392,0.997518610421836,3135,9391,Ratch,7.6,F,2,3135,True
702,HMYF5DRXX_1#,169,G,2,8386,9970,9986,0.994413407821229,3116,8386,Ratch,1.2,G,2,3116,True
702,HMYF5DRXX_1#,169,H,2,6276,6268,6255,0.995724211651523,2616,6276,Ratch,11.5,H,2,2616,True
703,HMYF5DRXX_1#,169,A,3,9945,6030,6154,0.563218390804598,3152,1363,Ratch,5.4,A,3,3152,False
703,HMYF5DRXX_1#,169,B,3,9450,9969,9974,0.995614035087719,3044,9450,Ratch,8.2,B,3,3044,True
703,HMYF5DRXX_1#,169,C,3,6918,6217,6214,0.996,2693,6918,Ratch,7.4,C,3,2693,True
703,HMYF5DRXX_1#,169,D,3,8237,6106,6115,1,2702,8237,Ratch,7.2,D,3,2702,True
703,HMYF5DRXX_1#,169,E,3,8242,8231,9974,0.991428571428571,3059,8242,Ratch,8.3,E,3,3059,True
703,HMYF5DRXX_1#,169,F,3,6184,5860,6030,0.993506493506493,2910,6184,Ratch,10.6,F,3,2910,True
703,HMYF5DRXX_1#,169,G,3,8335,6091,6077,0.994609164420485,2842,8335,Ratch,6.4,G,3,2842,True
703,HMYF5DRXX_1#,169,H,3,6172,6174,6173,0.927083333333333,3124,6171,Ratch,3.2,H,3,3124,False
704,HMYF5DRXX_1#,169,A,4,9363,6244,6016,0.997107039537126,2749,9363,Ratch,4.1,A,4,2749,True
704,HMYF5DRXX_1#,169,B,4,1317,9957,9976,1,2916,1317,Ratch,7.4,B,4,2916,True
704,HMYF5DRXX_1#,169,C,4,6069,6064,9433,0.992481203007519,3001,6069,Ratch,2.4,C,4,3001,True
704,HMYF5DRXX_1#,169,D,4,8307,6036,6038,1,2626,8307,Ratch,9.6,D,4,2626,True
704,HMYF5DRXX_1#,169,E,4,6238,6240,6071,0.998003992015968,3058,6238,Ratch,3.2,E,4,3058,True
704,HMYF5DRXX_1#,169,F,4,9409,9970,10013,0.990407673860911,2796,9409,Ratch,11.2,F,4,2796,True
704,HMYF5DRXX_1#,169,G,4,6109,9970,9978,1,2838,6109,Ratch,1.2,G,4,2838,True
704,HMYF5DRXX_1#,169,H,4,6913,6011,6012,0.994318181818182,2779,6913,Ratch,3.6,H,4,2779,True
705,HMYF5DRXX_1#,169,A,5,8387,6915,9970,0.992700729927007,2820,8387,Ratch,4.4,A,5,2820,True
705,HMYF5DRXX_1#,169,B,5,6173,6172,9323,0.986666666666667,2852,6173,Ratch,5.3,B,5,2852,True
705,HMYF5DRXX_1#,169,C,5,6019,9952,9974,0.983122362869198,2743,6019,Ratch,7.6,C,5,2743,True
705,HMYF5DRXX_1#,169,D,5,6218,6214,6917,0.995381062355658,3070,6218,Ratch,8.4,D,5,3070,True
705,HMYF5DRXX_1#,169,E,5,9388,6221,6917,0.989247311827957,3091,9388,Ratch,7.4,E,5,3091,True
705,HMYF5DRXX_1#,169,F,5,8230,9970,9957,0.997347480106101,3061,8230,Ratch,2.3,F,5,3061,True
705,HMYF5DRXX_1#,169,G,5,9336,6030,9973,0.996527777777778,3106,9336,Ratch,6.2,G,5,3106,True
705,HMYF5DRXX_1#,169,H,5,9391,9390,9392,0.989293361884368,2887,9391,Ratch,7.4,H,5,2887,True
706,HMYF5DRXX_1#,169,A,6,8258,8259,9974,0.997876857749469,2882,8259,Ratch,10.3,A,6,2882,True
706,HMYF5DRXX_1#,169,B,6,9412,9413,9970,0.992101105845182,2674,9412,Ratch,2.4,B,6,2674,True
706,HMYF5DRXX_1#,169,C,6,8247,8335,9974,0.989010989010989,2748,8247,Ratch,1.6,C,6,2748,True
706,HMYF5DRXX_1#,169,D,6,6071,6238,6070,0.995607613469985,3083,6071,Ratch,8.4,D,6,3083,True
706,HMYF5DRXX_1#,169,E,6,6106,8237,6115,1,2692,6106,Ratch,7.3,E,6,2692,True
706,HMYF5DRXX_1#,169,F,6,6241,6240,6235,0.893258426966292,2901,6240,Ratch,5.6,F,6,2901,True
706,HMYF5DRXX_1#,169,G,6,9386,8376,6177,0.994413407821229,2804,9386,Ratch,5.2,G,6,2804,True
706,HMYF5DRXX_1#,169,H,6,6109,9976,9970,1,3153,6109,Ratch,6.3,H,6,3153,True
707,HMYF5DRXX_1#,169,A,7,6118,8335,6091,1,2999,6118,Ratch,10.3,A,7,2999,True
707,HMYF5DRXX_1#,169,B,7,9339,9970,9369,0.988888888888889,2815,9339,Ratch,8.5,B,7,2815,True
707,HMYF5DRXX_1#,169,C,7,6025,6163,6166,0.995599559955996,3086,6025,Ratch,10.1,C,7,3086,True
707,HMYF5DRXX_1#,169,D,7,8231,10013,9970,0.678571428571429,3120,6964,Ratch,7.3,D,7,3120,False
707,HMYF5DRXX_1#,169,E,7,6040,8335,6091,0.988294314381271,2832,6040,Ratch,1.5,E,7,2832,True
707,HMYF5DRXX_1#,169,F,7,8283,9970,9973,0.990654205607477,3155,8283,Ratch,1.4,F,7,3155,True
707,HMYF5DRXX_1#,169,G,7,6023,6091,6024,1,2673,6023,Ratch,1.6,G,7,2673,True
707,HMYF5DRXX_1#,169,H,7,6134,8237,9969,0.997402597402597,2607,6134,Ratch,10.3,H,7,2607,True
708,HMYF5DRXX_1#,169,A,8,6221,9388,6064,0.995867768595041,3046,6221,Ratch,2.3,A,8,3046,True
708,HMYF5DRXX_1#,169,B,8,6151,9970,10012,0.992592592592593,2633,6151,Ratch,8.3,B,8,2633,True
708,HMYF5DRXX_1#,169,C,8,9321,9332,6174,0.984251968503937,3092,9321,Ratch,3.6,C,8,3092,True
708,HMYF5DRXX_1#,169,D,8,5831,9970,8231,1,3162,8423,Ratch,8.1,D,8,3162,False
708,HMYF5DRXX_1#,169,E,8,9353,9352,9970,0.989130434782608,2907,9353,Ratch,2.5,E,8,2907,True
708,HMYF5DRXX_1#,169,F,8,8335,9471,9970,0.799196787148594,3121,6129,Ratch,7.6,F,8,3121,False
708,HMYF5DRXX_1#,169,G,8,6036,6038,8307,0.993377483443708,2628,6036,Ratch,11.6,G,8,2628,True
708,HMYF5DRXX_1#,169,H,8,9369,9339,9370,0.995180722891566,2657,9369,Ratch,7.1,H,8,2657,True
709,HMYF5DRXX_1#,169,A,9,6203,9970,6036,0.993934142114385,3065,6203,Ratch,9.2,A,9,3065,True
709,HMYF5DRXX_1#,169,B,9,6166,6153,6163,1,2963,6166,Ratch,6.2,B,9,2963,True
709,HMYF5DRXX_1#,169,C,9,9388,6221,9321,0.995552731893265,2695,9388,Ratch,1.2,C,9,2695,True
709,HMYF5DRXX_1#,169,D,9,1061,9970,9973,1,3088,1061,Ratch,11.5,D,9,3088,True
709,HMYF5DRXX_1#,169,E,9,6108,9970,9969,0.992795389048991,3160,6108,Ratch,6.3,E,9,3160,True
709,HMYF5DRXX_1#,169,F,9,997,9976,9962,0.995555555555555,2644,997,Ratch,10.6,F,9,2644,True
709,HMYF5DRXX_1#,169,G,9,8231,9970,10013,1,2614,8231,Ratch,3.6,G,9,2614,True
709,HMYF5DRXX_1#,169,H,9,6195,9970,1061,0.996376811594203,3128,6195,Ratch,9.3,H,9,3128,True
